positive,negative
call,lap
today,continued
development,double
financial,synergy
statements,region
expenses,ecommerce
using,truck
date,luxury
revenue,slightly
filed,cost
data,silhouettes
presented,retailer
loss,expectations
receive,increased
software,outlet
approval,realization
equivalents,supply
trial,excellence
trials,pressure
patients,allocation
phase,adidas
clinical,vehicles
treatment,tourist
studies,american
hardware,global
evening,last
study,snacks
cloud,synergies
afternoon,saw
tonight,omnichannel
use,lapping
available,initiative
differ,delivered
information,line
potential,fashion
operator,cadence
regulatory,weaker
solution,behind
therapy,years
treated,little
collaboration,top
filing,materials
disease,motorcycle
update,men
patient,standpoint
conference,strength
ended,job
license,furniture
marketable,accessories
physicians,inflationary
liver,balanced
efficacy,segments
report,positive
received,merchandise
approved,retailers
partner,specialty
candidate,consumer
released,incremental
cancer,items
users,motorcycles
enroll,traffic
cohort,flow
dosing,increases
total,higher
actual,paint
research,tailwind
design,material
milestones,digit
population,benefits
published,bit
adoption,shop
deferred,priorities
security,disciplined
endpoint,markets
pivotal,input
user,organically
preclinical,drag
currently,eps
multiple,spring
application,wholesale
bookings,trends
enrolled,back
enrolling,freight
ecosystem,inventory
dose,improvements
inhibitors,vehicle
additional,foreign
may,outlook
candidates,tariffs
apps,particularly
server,regions
file,basis
decision,benefit
recognized,half
obligation,talked
duration,shopping
enterprise,holiday
commercialization,unfavorable
randomized,raw
current,consumers
secure,good
accounts,assortment
securities,ebit
installed,translation
unmet,savings
doses,favorable
cell,repurchase
servers,merchandising
thank,apparel
primary,associates
joining,promotional
deals,sourcing
version,parts
therapeutic,repurchases
organizations,currency
milestone,inventories
endpoints,actions
review,stronger
pipeline,drive
assets,improve
validation,driving
mutation,continue
analog,assortments
risks,footwear
platform,inflation
common,brands
devices,store
believe,comps
release,stores
decrease,brand
public,category
clinic,comp
providers,categories
subscription,headwind
royalties,organic
investigators,morning
workloads,chain
revenues,volume
initiate,productivity
drug,innovation
conducted,headwinds
submitted,profit
cohorts,initiatives
inhibitor,retail
dram,pricing
based,adjusted
storage,sales
attach,offset
compute,price
updates,improving
number,segment
agreement,improvement
advanced,margins
mobile,businesses
computing,leverage
submission,mix
firewall,improved
tolerability,digits
designed,versus
per,impact
discuss,business
webcast,driven
device,performance
wafer,points
milligrams,across
interest,strong
compared,growth
meeting,margin
arr,better
tumors,year
registration,full
receptor,
cause,
representing,
foundry,
samples,
networking,
companies,
provide,
materially,
fab,
architectures,
fibrosis,
time,
generation,
services,
documents,
partners,
loan,
requirements,
features,
indications,
bank,
cells,
required,
diseases,
scientific,
findings,
tolerated,
